{
  "controller/App.controller.js": 1620515777486,
  "i18n/i18n.properties": 1621376843506,
  "model/json/Employees.json": 1621188461869,
  "model/json/Countries.json": 1621188464545,
  "manifest.json": 1621377123436,
  "model/models.js": 1618491022867,
  "model/formatter.js": 1619744641980,
  "controller/OrderDetails.controller.js": 1621376843494,
  "controller/MasterEmployee.controller.js": 1621119017866,
  "controller/Main.controller.js": 1621188776883,
  "controller/EmployeeDetails.controller.js": 1620520522192,
  "controller/Base.controller.js": 1620520522196,
  "model/json/Layouts.json": 1621188459322,
  "control/Signature.js": 1621119799866,
  "Component.js": 1619932100123,
  "manifest-bundle.zip": 1621377123009,
  "Component-preload.js": 1621377123322,
  "controller/Base-dbg.controller.js": 1620520522196,
  "model/formatter-dbg.js": 1619744641980,
  "controller/OrderDetails-dbg.controller.js": 1621376843494,
  "controller/MasterEmployee-dbg.controller.js": 1621119017866,
  "controller/Main-dbg.controller.js": 1621188776883,
  "controller/EmployeeDetails-dbg.controller.js": 1620520522192,
  "model/models-dbg.js": 1618491022867,
  "controller/App-dbg.controller.js": 1620515777486,
  "control/Signature-dbg.js": 1621119799866,
  "Component-dbg.js": 1619932100123,
  "resources.json": 1621377123441,
  "view/OrderDetails.view.xml": 1621376843506,
  "view/MasterEmployee.view.xml": 1619744109498,
  "view/Main.view.xml": 1621355151276,
  "view/EmployeeDetails.view.xml": 1620539227236,
  "view/App.view.xml": 1620345921844,
  "fragment/TableOrders.fragment.xml": 1620271522569,
  "fragment/TableEmployee.fragment.xml": 1619824801887,
  "fragment/NewIncidence.fragment.xml": 1620166979000,
  "fragment/DialogOrders.fragment.xml": 1620166979004,
  "css/style.css": 1619581589808,
  "index.html": 1621356423268
}