<core:FragmentDefinition xmlns:core="sap.ui.core"
                         xmlns="sap.m">
  <Panel>
                            <Button id="BtnShowCity" text="{i18n>showCity}" visible="{jsonModelConfig>/visibleBtnShowCity}" press="onShowCity"/>
                            <Button id="BtnHideCity" text="{i18n>hideCity}" visible="{jsonModelConfig>/visibleBtnHideCity}" press="onHideCity"/>
                            <Table id="tableEmployee" items="{oDataNorthwind>/Employees}">
                                <columns>
                                    <Column visible="{jsonModelConfig>/visibleID}">
                                        <header>
                                          <Label text="{i18n>tableId}"></Label>
                                        </header>
                                    </Column>

                                    <Column visible="{jsonModelConfig>/visibleName}">
                                        <header>
                                          <Label text="{i18n>tableName}"></Label>
                                        </header>
                                    </Column>
                                    
                                     <Column visible="{jsonModelConfig>/visibleCountry}">                                  
                                        <header>
                                          <Label text="{i18n>tableCountry}"></Label>
                                        </header>
                                    </Column>

                                    <Column visible="{jsonModelConfig>/visibleCity}">                                    
                                        <header>
                                          <Label text="{i18n>tableCity}"></Label>
                                        </header>
                                    </Column>    

                                    <Column width="100px">                                    
                                        <header>
                                          <Label text="{i18n>labelShowDetails}"></Label>
                                        </header>
                                    </Column>                                                                      
                                </columns>

                                <items>
                                    <ColumnListItem  type="Navigation" press="showEmployee"> 
                                        <cells>
                                            <Label text="{oDataNorthwind>EmployeeID}" />
                                            <Label text="{oDataNorthwind>LastName}, {oDataNorthwind>FirstName}" />
                                            <Label text="{oDataNorthwind>Country}" />
                                            <Label text="{oDataNorthwind>City}" />
                                            <core:Icon src="sap-icon://show" press="showOrders"></core:Icon>
                                        </cells>
                                    </ColumnListItem>
                                </items>
                            </Table>
                            <HBox id="ordersTable"></HBox>
                        </Panel>

</core:FragmentDefinition>